timestamp,visual_state,wearable_drowsy,fused_state,cpu_percent,energy_estimate
156.92389178276062,SLEEPY,False,SLEEPY,26.5,521.4540000000004
156.98429107666016,SLEEPY,False,SLEEPY,40.0,521.8540000000004
157.0489535331726,SLEEPY,False,SLEEPY,23.5,522.0890000000004
157.11330676078796,SLEEPY,False,SLEEPY,50.0,522.5890000000004
157.1772620677948,SLEEPY,False,SLEEPY,60.0,523.1890000000004
157.23985981941223,SLEEPY,False,SLEEPY,51.5,523.7040000000004
157.28874039649963,SLEEPY,False,SLEEPY,66.7,524.3710000000004
157.4258255958557,SLEEPY,False,SLEEPY,75.0,525.1210000000004
157.4945421218872,SLEEPY,False,SLEEPY,87.5,525.9960000000004
157.5429220199585,SLEEPY,False,SLEEPY,58.3,526.5790000000004
157.61305737495422,SLEEPY,False,SLEEPY,64.1,527.2200000000004
157.67606663703918,SLEEPY,False,SLEEPY,63.9,527.8590000000004
157.73788809776306,SLEEPY,False,SLEEPY,57.6,528.4350000000004
157.80561685562134,SLEEPY,False,SLEEPY,43.8,528.8730000000004
157.85325956344604,SLEEPY,False,SLEEPY,64.0,529.5130000000004
157.91694855690002,SLEEPY,False,SLEEPY,66.7,530.1800000000004
157.9753086566925,SLEEPY,False,SLEEPY,56.2,530.7420000000004
158.04779839515686,SLEEPY,False,SLEEPY,68.8,531.4300000000004
158.11705446243286,SLEEPY,False,SLEEPY,85.4,532.2840000000004
158.1715748310089,SLEEPY,False,SLEEPY,87.5,533.1590000000004
158.23766207695007,SLEEPY,False,SLEEPY,73.5,533.8940000000005
158.2996382713318,SLEEPY,False,SLEEPY,84.8,534.7420000000004
158.37436056137085,SLEEPY,False,SLEEPY,90.7,535.6490000000005
158.42810153961182,SLEEPY,False,SLEEPY,87.9,536.5280000000005
158.47809052467346,SLEEPY,False,SLEEPY,66.7,537.1950000000005
158.54727602005005,SLEEPY,False,SLEEPY,56.2,537.7570000000005
158.59868264198303,SLEEPY,False,SLEEPY,68.6,538.4430000000006
158.6549108028412,SLEEPY,False,SLEEPY,62.5,539.0680000000006
158.73299551010132,SLEEPY,False,SLEEPY,68.3,539.7510000000005
158.80494499206543,SLEEPY,False,SLEEPY,57.5,540.3260000000006
158.87096786499023,SLEEPY,False,SLEEPY,34.4,540.6700000000006
158.917062997818,SLEEPY,False,SLEEPY,84.0,541.5100000000007
158.99241733551025,SLEEPY,False,SLEEPY,61.0,542.1200000000007
159.0421175956726,SLEEPY,False,SLEEPY,62.5,542.7450000000007
159.09824180603027,SLEEPY,False,SLEEPY,57.6,543.3210000000007
159.1760892868042,SLEEPY,False,SLEEPY,70.7,544.0280000000007
159.2331166267395,SLEEPY,False,SLEEPY,37.5,544.4030000000007
159.29354119300842,SLEEPY,False,SLEEPY,81.2,545.2150000000007
159.35722017288208,SLEEPY,False,SLEEPY,65.6,545.8710000000007
159.40712881088257,SLEEPY,False,SLEEPY,80.0,546.6710000000006
159.48195481300354,SLEEPY,False,SLEEPY,42.9,547.1000000000006
159.54036045074463,SLEEPY,False,SLEEPY,37.5,547.4750000000006
159.61174941062927,SLEEPY,False,SLEEPY,60.0,548.0750000000006
159.66411113739014,SLEEPY,False,SLEEPY,71.9,548.7940000000007
159.73759174346924,SLEEPY,False,SLEEPY,23.5,549.0290000000007
159.78628826141357,SLEEPY,False,SLEEPY,23.3,549.2620000000006
159.86664819717407,SLEEPY,False,SLEEPY,15.0,549.4120000000006
159.93122100830078,SLEEPY,False,SLEEPY,18.2,549.5940000000006
159.9775812625885,SLEEPY,False,SLEEPY,20.8,549.8020000000006
160.04167127609253,SLEEPY,False,SLEEPY,28.1,550.0830000000005
160.11329770088196,SLEEPY,False,SLEEPY,68.3,550.7660000000005
160.16595673561096,SLEEPY,False,SLEEPY,80.8,551.5740000000005
160.22691679000854,SLEEPY,False,SLEEPY,54.3,552.1170000000005
160.30036783218384,SLEEPY,False,SLEEPY,43.8,552.5550000000005
160.35230994224548,SLEEPY,False,SLEEPY,51.5,553.0700000000005
160.4091682434082,SLEEPY,False,SLEEPY,25.0,553.3200000000005
160.48379755020142,SLEEPY,False,SLEEPY,37.5,553.6950000000005
160.5382833480835,SLEEPY,False,SLEEPY,28.1,553.9760000000005
160.5983600616455,SLEEPY,False,SLEEPY,31.2,554.2880000000005
160.82475566864014,SLEEPY,False,SLEEPY,86.6,555.1540000000005
160.93070268630981,SLEEPY,False,SLEEPY,77.2,555.9260000000005
160.97878217697144,SLEEPY,False,SLEEPY,45.8,556.3840000000005
161.05042505264282,SLEEPY,False,SLEEPY,51.4,556.8980000000005
161.10325455665588,SLEEPY,False,SLEEPY,31.0,557.2080000000004
161.1741201877594,SLEEPY,False,SLEEPY,59.4,557.8020000000005
161.22163820266724,SLEEPY,False,SLEEPY,60.0,558.4020000000005
161.30658960342407,SLEEPY,False,SLEEPY,62.0,559.0220000000005
161.35070276260376,SLEEPY,False,SLEEPY,25.0,559.2720000000005
161.41838574409485,SLEEPY,False,SLEEPY,28.1,559.5530000000005
161.47390937805176,SLEEPY,False,SLEEPY,46.9,560.0220000000005
161.5446765422821,SLEEPY,False,SLEEPY,39.4,560.4160000000005
161.61579036712646,SLEEPY,False,SLEEPY,35.7,560.7730000000005
161.67451667785645,SLEEPY,False,SLEEPY,50.0,561.2730000000005
161.7464451789856,SLEEPY,False,SLEEPY,65.9,561.9320000000005
161.83077359199524,SLEEPY,False,SLEEPY,85.0,562.7820000000005
161.8981418609619,SLEEPY,False,SLEEPY,75.6,563.5380000000005
162.0008192062378,SLEEPY,False,SLEEPY,86.0,564.3980000000005
162.0705704689026,SLEEPY,False,SLEEPY,90.2,565.3000000000005
162.1284749507904,SLEEPY,False,SLEEPY,79.4,566.0940000000005
162.1862452030182,SLEEPY,False,SLEEPY,66.7,566.7610000000005
162.24684023857117,SLEEPY,False,SLEEPY,75.0,567.5110000000005
162.33070540428162,SLEEPY,False,SLEEPY,37.5,567.8860000000005
162.3816213607788,SLEEPY,False,SLEEPY,68.8,568.5740000000005
162.44875383377075,SLEEPY,False,SLEEPY,71.9,569.2930000000006
162.49465584754944,SLEEPY,False,SLEEPY,68.0,569.9730000000005
162.56665349006653,SLEEPY,False,SLEEPY,87.5,570.8480000000005
162.63157844543457,SLEEPY,False,SLEEPY,57.6,571.4240000000005
162.69452667236328,SLEEPY,False,SLEEPY,56.2,571.9860000000006
162.7588768005371,SLEEPY,False,SLEEPY,71.9,572.7050000000006
162.8110797405243,SLEEPY,False,SLEEPY,80.8,573.5130000000006
162.8852880001068,SLEEPY,False,SLEEPY,62.5,574.1380000000006
162.94311547279358,SLEEPY,False,SLEEPY,66.7,574.8050000000006
163.00102400779724,SLEEPY,False,SLEEPY,66.7,575.4720000000007
163.07313418388367,SLEEPY,False,SLEEPY,78.6,576.2580000000006
163.15316486358643,SLEEPY,False,SLEEPY,72.5,576.9830000000006
163.2059347629547,SLEEPY,False,SLEEPY,80.0,577.7830000000006
163.27839469909668,SLEEPY,False,SLEEPY,48.8,578.2710000000006
163.3336582183838,SLEEPY,False,SLEEPY,53.3,578.8040000000007
163.3835003376007,SLEEPY,False,SLEEPY,15.4,578.9580000000007
163.43928861618042,SLEEPY,False,SLEEPY,32.0,579.2780000000007
163.51866269111633,SLEEPY,False,SLEEPY,70.7,579.9850000000007
163.59527850151062,SLEEPY,False,SLEEPY,46.3,580.4480000000007
163.66371417045593,SLEEPY,False,SLEEPY,78.0,581.2280000000006
163.72529697418213,SLEEPY,False,SLEEPY,66.7,581.8950000000007
163.78501319885254,SLEEPY,False,SLEEPY,65.6,582.5510000000006
163.84692764282227,SLEEPY,False,SLEEPY,45.8,583.0090000000006
163.91424465179443,SLEEPY,False,SLEEPY,45.0,583.4590000000006
163.97591257095337,SLEEPY,False,SLEEPY,40.6,583.8650000000006
164.0397551059723,SLEEPY,False,SLEEPY,44.1,584.3060000000006
164.08731722831726,SLEEPY,False,SLEEPY,37.5,584.6810000000006
164.14026474952698,SLEEPY,False,SLEEPY,37.5,585.0560000000006
164.22488403320312,SLEEPY,False,SLEEPY,37.3,585.4290000000007
164.2973337173462,SLEEPY,False,SLEEPY,65.6,586.0850000000006
164.35026741027832,SLEEPY,False,SLEEPY,65.7,586.7420000000006
164.41683506965637,SLEEPY,False,SLEEPY,34.4,587.0860000000007
164.4848175048828,SLEEPY,False,SLEEPY,37.5,587.4610000000007
164.55285692214966,SLEEPY,False,SLEEPY,67.5,588.1360000000006
164.6131625175476,SLEEPY,False,SLEEPY,45.5,588.5910000000007
164.67652654647827,SLEEPY,False,SLEEPY,62.5,589.2160000000007
164.73768496513367,SLEEPY,False,SLEEPY,48.0,589.6960000000007
164.8113169670105,SLEEPY,False,SLEEPY,59.5,590.2910000000007
164.8600718975067,SLEEPY,False,SLEEPY,66.7,590.9580000000008
164.92446517944336,SLEEPY,False,SLEEPY,69.7,591.6550000000008
164.9832947254181,SLEEPY,False,SLEEPY,57.6,592.2310000000008
165.04371070861816,SLEEPY,False,SLEEPY,40.6,592.6370000000007
165.10482716560364,SLEEPY,False,SLEEPY,50.0,593.1370000000007
165.1607949733734,SLEEPY,False,SLEEPY,43.8,593.5750000000007
165.2353117465973,SLEEPY,False,SLEEPY,40.6,593.9810000000007
165.29848670959473,SLEEPY,False,SLEEPY,28.1,594.2620000000006
165.34816217422485,SLEEPY,False,SLEEPY,60.7,594.8690000000006
165.42550039291382,SLEEPY,False,SLEEPY,22.7,595.0960000000006
165.4854838848114,SLEEPY,False,SLEEPY,37.5,595.4710000000006
165.54995918273926,SLEEPY,False,SLEEPY,56.2,596.0330000000006
165.7180471420288,SLEEPY,False,SLEEPY,94.4,596.9770000000005
165.808851480484,SLEEPY,False,SLEEPY,66.7,597.6440000000006
165.85604333877563,SLEEPY,False,SLEEPY,58.3,598.2270000000005
165.92192792892456,SLEEPY,False,SLEEPY,35.3,598.5800000000005
165.98713445663452,SLEEPY,False,SLEEPY,21.9,598.7990000000005
166.05021357536316,SLEEPY,False,SLEEPY,78.1,599.5800000000005
166.11303329467773,SLEEPY,False,SLEEPY,26.5,599.8450000000005
166.17422723770142,SLEEPY,False,SLEEPY,26.7,600.1120000000005
166.2412986755371,SLEEPY,False,SLEEPY,40.5,600.5170000000005
166.31645727157593,SLEEPY,False,SLEEPY,26.5,600.7820000000005
166.39614033699036,SLEEPY,False,SLEEPY,16.7,600.9490000000005
166.51234459877014,SLEEPY,False,SLEEPY,83.3,601.7820000000005
166.5845754146576,SLEEPY,False,SLEEPY,37.8,602.1600000000005
166.64646792411804,SLEEPY,False,SLEEPY,20.0,602.3600000000006
166.70848298072815,SLEEPY,False,SLEEPY,22.2,602.5820000000006
166.77290892601013,SLEEPY,False,SLEEPY,43.2,603.0140000000006
166.84335589408875,SLEEPY,False,SLEEPY,40.0,603.4140000000006
166.89079523086548,SLEEPY,False,SLEEPY,45.8,603.8720000000005
166.97366905212402,SLEEPY,False,SLEEPY,29.5,604.1670000000005
167.0347490310669,SLEEPY,False,SLEEPY,34.5,604.5120000000005
167.09024667739868,SLEEPY,False,SLEEPY,33.3,604.8450000000005
167.14082098007202,SLEEPY,False,SLEEPY,20.8,605.0530000000005
167.21620631217957,SLEEPY,False,SLEEPY,25.0,605.3030000000005
167.2684416770935,SLEEPY,False,SLEEPY,16.7,605.4700000000005
167.35243964195251,SLEEPY,False,SLEEPY,20.8,605.6780000000005
167.4070701599121,SLEEPY,False,SLEEPY,20.8,605.8860000000004
167.46012496948242,SLEEPY,False,SLEEPY,35.5,606.2410000000004
167.51617693901062,SLEEPY,False,SLEEPY,30.8,606.5490000000004
167.58982300758362,SLEEPY,False,SLEEPY,36.6,606.9150000000004
167.6492850780487,SLEEPY,False,SLEEPY,20.6,607.1210000000004
167.7253279685974,SLEEPY,False,SLEEPY,50.0,607.6210000000004
167.78075528144836,SLEEPY,False,SLEEPY,59.3,608.2140000000004
167.851256608963,SLEEPY,False,SLEEPY,17.5,608.3890000000004
167.89996981620789,SLEEPY,False,SLEEPY,26.1,608.6500000000003
167.95306015014648,SLEEPY,False,SLEEPY,28.0,608.9300000000003
168.03077626228333,SLEEPY,False,SLEEPY,25.0,609.1800000000003
168.10093212127686,SLEEPY,False,SLEEPY,41.5,609.5950000000003
168.15737557411194,SLEEPY,False,SLEEPY,29.2,609.8870000000003
168.22136044502258,SLEEPY,False,SLEEPY,42.4,610.3110000000003
168.2847385406494,SLEEPY,False,SLEEPY,25.0,610.5610000000003
168.34007859230042,SLEEPY,False,SLEEPY,21.9,610.7800000000003
168.40066742897034,SLEEPY,False,SLEEPY,22.6,611.0060000000003
168.46780133247375,SLEEPY,False,SLEEPY,18.2,611.1880000000003
168.52231454849243,SLEEPY,False,SLEEPY,81.2,612.0000000000003
168.5960955619812,SLEEPY,False,SLEEPY,34.4,612.3440000000004
168.65371823310852,SLEEPY,False,SLEEPY,25.0,612.5940000000004
168.724449634552,SLEEPY,False,SLEEPY,35.9,612.9530000000004
168.77149105072021,SLEEPY,False,SLEEPY,26.1,613.2140000000004
168.83461713790894,SLEEPY,False,SLEEPY,28.1,613.4950000000003
168.89835810661316,SLEEPY,False,SLEEPY,29.4,613.7890000000003
168.96427583694458,SLEEPY,False,SLEEPY,14.7,613.9360000000004
169.02596998214722,SLEEPY,False,SLEEPY,21.9,614.1550000000004
169.08738565444946,SLEEPY,False,SLEEPY,25.0,614.4050000000004
169.15075826644897,SLEEPY,False,SLEEPY,28.1,614.6860000000004
169.2061882019043,SLEEPY,False,SLEEPY,20.8,614.8940000000003
169.27096581459045,SLEEPY,False,SLEEPY,51.2,615.4060000000003
169.34606003761292,SLEEPY,False,SLEEPY,37.5,615.7810000000003
169.40043592453003,SLEEPY,False,SLEEPY,59.4,616.3750000000003
169.4666690826416,SLEEPY,False,SLEEPY,32.4,616.6990000000003
169.53281569480896,SLEEPY,False,SLEEPY,45.5,617.1540000000003
169.61183309555054,SLEEPY,False,SLEEPY,60.5,617.7590000000004
169.6715579032898,SLEEPY,False,SLEEPY,53.1,618.2900000000003
169.73345947265625,SLEEPY,False,SLEEPY,46.9,618.7590000000004
169.79854011535645,SLEEPY,False,SLEEPY,75.0,619.5090000000004
169.8671064376831,SLEEPY,False,SLEEPY,68.3,620.1920000000003
169.92370653152466,SLEEPY,False,SLEEPY,62.5,620.8170000000003
169.98420596122742,SLEEPY,False,SLEEPY,52.9,621.3460000000003
170.055260181427,SLEEPY,False,SLEEPY,50.0,621.8460000000003
170.1058623790741,SLEEPY,False,SLEEPY,41.7,622.2630000000004
170.17483258247375,SLEEPY,False,SLEEPY,37.5,622.6380000000004
170.2296121120453,SLEEPY,False,SLEEPY,37.1,623.0090000000004
170.28925728797913,SLEEPY,False,SLEEPY,34.4,623.3530000000004
170.36270403862,SLEEPY,False,SLEEPY,25.0,623.6030000000004
170.40907216072083,SLEEPY,False,SLEEPY,20.8,623.8110000000004
170.4935817718506,SLEEPY,False,SLEEPY,27.7,624.0880000000004
170.55114364624023,SLEEPY,False,SLEEPY,25.0,624.3380000000004
170.61703777313232,SLEEPY,False,SLEEPY,21.1,624.5490000000004
170.69628810882568,SLEEPY,False,SLEEPY,27.5,624.8240000000004
170.75322794914246,SLEEPY,False,SLEEPY,48.0,625.3040000000004
170.82163166999817,SLEEPY,False,SLEEPY,82.5,626.1290000000005
170.87873220443726,SLEEPY,False,SLEEPY,62.1,626.7500000000005
170.9303948879242,SLEEPY,False,SLEEPY,69.0,627.4400000000005
171.00680541992188,SLEEPY,False,SLEEPY,50.0,627.9400000000005
171.05598902702332,SLEEPY,False,SLEEPY,65.4,628.5940000000005
171.11198687553406,SLEEPY,False,SLEEPY,84.0,629.4340000000005
171.18505787849426,SLEEPY,False,SLEEPY,55.0,629.9840000000005
171.24951601028442,SLEEPY,False,SLEEPY,53.1,630.5150000000004
171.30736088752747,SLEEPY,False,SLEEPY,59.4,631.1090000000005
171.37802386283875,SLEEPY,False,SLEEPY,62.5,631.7340000000005
171.43501663208008,SLEEPY,False,SLEEPY,57.6,632.3100000000005
171.56203627586365,SLEEPY,False,SLEEPY,73.4,633.0440000000006
171.65059876441956,SLEEPY,False,SLEEPY,30.6,633.3500000000006
171.7136890888214,SLEEPY,False,SLEEPY,20.0,633.5500000000006
171.7483205795288,SLEEPY,False,SLEEPY,11.1,633.6610000000006
171.82162809371948,SLEEPY,False,SLEEPY,10.0,633.7610000000006
171.87499904632568,SLEEPY,False,SLEEPY,20.8,633.9690000000006
171.9446964263916,SLEEPY,False,SLEEPY,10.3,634.0720000000006
172.0114245414734,SLEEPY,False,SLEEPY,3.0,634.1020000000005
172.06996250152588,SLEEPY,False,SLEEPY,7.1,634.1730000000006
172.14393734931946,SLEEPY,True,SLEEPY,13.5,634.3080000000006
172.1996567249298,SLEEPY,True,SLEEPY,65.6,634.9640000000005
172.27295970916748,SLEEPY,True,SLEEPY,100.0,635.9640000000005
172.3230745792389,SLEEPY,True,SLEEPY,25.0,636.2140000000005
172.38275575637817,SLEEPY,True,SLEEPY,46.9,636.6830000000006
172.45678210258484,SLEEPY,True,SLEEPY,9.4,636.7770000000006
172.51082253456116,SLEEPY,True,SLEEPY,18.8,636.9650000000006
172.57527613639832,SLEEPY,True,SLEEPY,25.8,637.2230000000006
172.63097190856934,SLEEPY,True,SLEEPY,14.8,637.3710000000007
172.7006323337555,SLEEPY,True,SLEEPY,7.9,637.4500000000006
172.75854206085205,SLEEPY,True,SLEEPY,20.0,637.6500000000007
172.82887744903564,SLEEPY,True,SLEEPY,11.8,637.7680000000007
172.87567329406738,SLEEPY,True,SLEEPY,44.0,638.2080000000008
172.95290088653564,SLEEPY,True,SLEEPY,22.0,638.4280000000008
172.99993753433228,SLEEPY,True,SLEEPY,24.0,638.6680000000008
173.076514005661,SLEEPY,True,SLEEPY,17.5,638.8430000000008
173.1365532875061,SLEEPY,True,SLEEPY,12.5,638.9680000000008
173.20491814613342,SLEEPY,True,SLEEPY,39.4,639.3620000000008
173.2602093219757,SLEEPY,True,SLEEPY,25.8,639.6200000000008
173.32495641708374,SLEEPY,True,SLEEPY,41.2,640.0320000000008
173.38853645324707,SLEEPY,True,SLEEPY,12.5,640.1570000000008
173.44467425346375,SLEEPY,True,SLEEPY,28.1,640.4380000000008
173.51752948760986,SLEEPY,True,SLEEPY,12.5,640.5630000000008
173.5739986896515,SLEEPY,True,SLEEPY,18.2,640.7450000000008
173.6411714553833,SLEEPY,True,SLEEPY,9.4,640.8390000000009
173.6970932483673,SLEEPY,True,SLEEPY,29.0,641.1290000000008
173.746915102005,SLEEPY,True,SLEEPY,32.0,641.4490000000009
173.82316327095032,SLEEPY,True,SLEEPY,35.0,641.7990000000009
173.88501358032227,SLEEPY,True,SLEEPY,15.6,641.9550000000008
173.9595081806183,SLEEPY,True,SLEEPY,17.1,642.1260000000009
174.01370286941528,SLEEPY,True,SLEEPY,9.1,642.2170000000009
174.0828993320465,SLEEPY,True,SLEEPY,40.5,642.6220000000009
174.14008903503418,SLEEPY,True,SLEEPY,50.0,643.1220000000009
174.1920850276947,SLEEPY,True,SLEEPY,58.8,643.7100000000008
174.25228762626648,SLEEPY,True,SLEEPY,57.7,644.2870000000008
174.33027696609497,SLEEPY,True,SLEEPY,54.8,644.8350000000008
174.3908429145813,SLEEPY,True,SLEEPY,50.0,645.3350000000008
174.43615245819092,SLEEPY,True,SLEEPY,37.5,645.7100000000008
174.5141794681549,SLEEPY,True,SLEEPY,22.5,645.9350000000009
174.57826113700867,SLEEPY,True,SLEEPY,27.3,646.2080000000009
174.63058042526245,SLEEPY,True,SLEEPY,44.4,646.6520000000008
174.71039819717407,SLEEPY,True,SLEEPY,30.4,646.9560000000008
174.76927304267883,SLEEPY,True,SLEEPY,66.7,647.6230000000008
174.8226020336151,SLEEPY,True,SLEEPY,46.9,648.0920000000009
174.87453150749207,SLEEPY,True,SLEEPY,25.0,648.3420000000009
174.94697093963623,SLEEPY,True,SLEEPY,34.1,648.6830000000009
175.0134015083313,SLEEPY,True,SLEEPY,21.9,648.902000000001
175.08105611801147,SLEEPY,True,SLEEPY,28.1,649.1830000000009
175.1367108821869,SLEEPY,True,SLEEPY,50.0,649.6830000000009
175.2031044960022,SLEEPY,True,SLEEPY,40.6,650.0890000000009
175.2693350315094,SLEEPY,True,SLEEPY,36.4,650.4530000000009
175.33551359176636,SLEEPY,True,SLEEPY,35.9,650.8120000000009
175.3946988582611,SLEEPY,True,SLEEPY,42.9,651.2410000000009
175.44782662391663,SLEEPY,True,SLEEPY,37.5,651.6160000000009
175.51102495193481,SLEEPY,True,SLEEPY,21.9,651.835000000001
175.57740211486816,SLEEPY,True,SLEEPY,38.2,652.2170000000009
175.6352300643921,SLEEPY,True,SLEEPY,19.4,652.4110000000009
175.69531655311584,SLEEPY,True,SLEEPY,18.2,652.5930000000009
175.76249289512634,SLEEPY,True,SLEEPY,15.6,652.7490000000008
175.8266305923462,SLEEPY,True,SLEEPY,25.0,652.9990000000008
175.88790249824524,SLEEPY,True,SLEEPY,36.4,653.3630000000009
175.9495780467987,SLEEPY,True,SLEEPY,46.9,653.8320000000009
176.01350021362305,SLEEPY,True,SLEEPY,43.8,654.2700000000009
176.08431267738342,SLEEPY,True,SLEEPY,55.0,654.8200000000008
176.13358902931213,SLEEPY,True,SLEEPY,45.8,655.2780000000008
176.20109248161316,SLEEPY,True,SLEEPY,46.9,655.7470000000009
176.2693932056427,SLEEPY,True,SLEEPY,48.6,656.2330000000009
176.3222894668579,SLEEPY,True,SLEEPY,28.6,656.5190000000008
176.3896484375,SLEEPY,True,SLEEPY,23.5,656.7540000000008
176.43915128707886,SLEEPY,True,SLEEPY,29.2,657.0460000000008
176.5122082233429,SLEEPY,True,SLEEPY,37.5,657.4210000000008
176.57067322731018,SLEEPY,True,SLEEPY,9.4,657.5150000000009
176.6208851337433,SLEEPY,True,SLEEPY,40.0,657.9150000000009
176.70596194267273,SLEEPY,True,SLEEPY,20.0,658.1150000000009
176.77867984771729,SLEEPY,True,SLEEPY,40.5,658.5200000000009
176.83689403533936,SLEEPY,True,SLEEPY,60.6,659.1260000000009
176.8958501815796,SLEEPY,True,SLEEPY,42.9,659.5550000000009
176.96638584136963,SLEEPY,True,SLEEPY,40.6,659.9610000000008
177.02702951431274,SLEEPY,True,SLEEPY,27.3,660.2340000000008
177.08930468559265,SLEEPY,True,SLEEPY,52.9,660.7630000000008
177.27158761024475,SLEEPY,True,SLEEPY,83.3,661.5960000000008
177.3296399116516,SLEEPY,True,SLEEPY,66.7,662.2630000000008
177.3911304473877,SLEEPY,True,SLEEPY,28.1,662.5440000000008
177.46985363960266,SLEEPY,True,SLEEPY,25.0,662.7940000000008
177.54105257987976,SLEEPY,True,SLEEPY,21.4,663.0080000000008
177.59666395187378,SLEEPY,True,SLEEPY,20.0,663.2080000000009
177.65218448638916,SLEEPY,True,SLEEPY,26.7,663.4750000000009
177.71058297157288,SLEEPY,True,SLEEPY,16.7,663.642000000001
177.777752161026,SLEEPY,True,SLEEPY,15.6,663.7980000000009
177.84105491638184,SLEEPY,True,SLEEPY,25.0,664.0480000000009
177.90666580200195,SLEEPY,True,SLEEPY,31.2,664.3600000000009
177.96831107139587,SLEEPY,True,SLEEPY,23.5,664.5950000000009
178.03146529197693,SLEEPY,True,SLEEPY,31.2,664.907000000001
178.09420895576477,SLEEPY,True,SLEEPY,30.3,665.210000000001
178.14167523384094,SLEEPY,True,SLEEPY,20.8,665.4180000000009
178.20620250701904,SLEEPY,True,SLEEPY,27.3,665.6910000000009
178.26989150047302,SLEEPY,True,SLEEPY,25.7,665.9480000000009
178.3363938331604,SLEEPY,True,SLEEPY,23.1,666.1790000000009
178.403146982193,SLEEPY,True,SLEEPY,25.0,666.4290000000009
178.4640908241272,SLEEPY,True,SLEEPY,9.4,666.5230000000009
178.5172622203827,SLEEPY,True,SLEEPY,0.0,666.5230000000009
178.58918929100037,SLEEPY,True,SLEEPY,12.5,666.6480000000009
178.65284061431885,SLEEPY,True,SLEEPY,15.2,666.800000000001
178.70987915992737,SLEEPY,True,SLEEPY,33.3,667.133000000001
178.77946591377258,SLEEPY,True,SLEEPY,45.9,667.5920000000009
178.84456300735474,SLEEPY,True,SLEEPY,36.4,667.9560000000009
178.90172505378723,SLEEPY,True,SLEEPY,24.2,668.1980000000009
178.97299647331238,SLEEPY,True,SLEEPY,44.7,668.6450000000009
179.03482627868652,SLEEPY,True,SLEEPY,9.7,668.7420000000009
179.0851800441742,SLEEPY,True,SLEEPY,18.8,668.9300000000009
179.151713848114,SLEEPY,True,SLEEPY,9.7,669.0270000000008
179.21981263160706,SLEEPY,True,SLEEPY,23.5,669.2620000000009
179.27063250541687,SLEEPY,True,SLEEPY,20.7,669.4690000000008
179.33160781860352,SLEEPY,True,SLEEPY,7.4,669.5430000000008
179.3927092552185,SLEEPY,True,SLEEPY,21.9,669.7620000000009
179.46258068084717,SLEEPY,True,SLEEPY,15.0,669.9120000000008
179.52308702468872,SLEEPY,True,SLEEPY,19.4,670.1060000000008
179.59643292427063,SLEEPY,True,SLEEPY,29.4,670.4000000000008
179.64592909812927,SLEEPY,True,SLEEPY,21.4,670.6140000000008
179.70282220840454,SLEEPY,True,SLEEPY,14.3,670.7570000000009
179.78701400756836,SLEEPY,True,SLEEPY,11.1,670.8680000000008
179.8282506465912,SLEEPY,True,SLEEPY,21.1,671.0790000000009
179.89708399772644,SLEEPY,True,SLEEPY,13.9,671.2180000000009
179.9673011302948,SLEEPY,True,SLEEPY,2.8,671.2460000000009
180.02892208099365,SLEEPY,True,SLEEPY,15.6,671.4020000000008
180.08803796768188,SLEEPY,True,SLEEPY,21.2,671.6140000000008
180.1550223827362,SLEEPY,True,SLEEPY,30.3,671.9170000000008
180.21803379058838,SLEEPY,True,SLEEPY,27.3,672.1900000000009
180.26868081092834,SLEEPY,True,SLEEPY,12.5,672.3150000000009
180.3665964603424,SLEEPY,True,SLEEPY,42.9,672.7440000000008
180.4232895374298,SLEEPY,True,SLEEPY,18.5,672.9290000000008
180.49472570419312,SLEEPY,True,SLEEPY,22.5,673.1540000000008
180.5320920944214,SLEEPY,True,SLEEPY,0.0,673.1540000000008
180.61069869995117,SLEEPY,True,SLEEPY,17.5,673.3290000000007
180.6646752357483,SLEEPY,True,SLEEPY,31.2,673.6410000000008
180.73631286621094,SLEEPY,True,SLEEPY,9.4,673.7350000000008
180.80085682868958,SLEEPY,True,SLEEPY,43.9,674.1740000000008
180.8574321269989,SLEEPY,True,SLEEPY,24.0,674.4140000000008
180.9245593547821,SLEEPY,True,SLEEPY,30.3,674.7170000000008
180.97405743598938,SLEEPY,True,SLEEPY,17.2,674.8890000000008
181.0430507659912,SLEEPY,True,SLEEPY,11.4,675.0030000000008
181.09574484825134,SLEEPY,True,SLEEPY,20.8,675.2110000000008
181.1656515598297,SLEEPY,True,SLEEPY,33.3,675.5440000000008
181.23681926727295,SLEEPY,True,SLEEPY,15.6,675.7000000000007
181.29103636741638,SLEEPY,True,SLEEPY,36.4,676.0640000000008
181.35832595825195,SLEEPY,True,SLEEPY,21.2,676.2760000000007
181.4068558216095,SLEEPY,True,SLEEPY,29.2,676.5680000000008
181.47329950332642,SLEEPY,True,SLEEPY,29.3,676.8610000000008
181.55171060562134,SLEEPY,True,SLEEPY,20.0,677.0610000000008
181.60986042022705,SLEEPY,True,SLEEPY,8.3,677.1440000000008
181.6782033443451,SLEEPY,True,SLEEPY,17.1,677.3150000000009
181.74025678634644,SLEEPY,True,SLEEPY,12.9,677.4440000000009
181.81258821487427,SLEEPY,True,SLEEPY,25.7,677.7010000000008
181.86780071258545,SLEEPY,True,SLEEPY,25.8,677.9590000000009
181.9343762397766,SLEEPY,True,SLEEPY,31.4,678.2730000000008
182.00112771987915,SLEEPY,True,SLEEPY,37.5,678.6480000000008
182.054438829422,SLEEPY,True,SLEEPY,21.2,678.8600000000008
182.12377381324768,SLEEPY,True,SLEEPY,44.1,679.3010000000008
182.1916151046753,SLEEPY,True,SLEEPY,45.9,679.7600000000008
182.24536228179932,SLEEPY,True,SLEEPY,34.5,680.1050000000008
182.31372046470642,SLEEPY,True,SLEEPY,6.2,680.1670000000008
182.37617373466492,SLEEPY,True,SLEEPY,18.8,680.3550000000008
182.42880725860596,SLEEPY,True,SLEEPY,37.5,680.7300000000008
182.49449849128723,SLEEPY,True,SLEEPY,3.1,680.7610000000008
182.55597758293152,SLEEPY,True,SLEEPY,20.0,680.9610000000008
182.6212775707245,SLEEPY,True,SLEEPY,11.8,681.0790000000009
182.68437576293945,SLEEPY,True,SLEEPY,21.9,681.2980000000009
182.74535202980042,SLEEPY,True,SLEEPY,47.1,681.7690000000009
182.81425881385803,SLEEPY,True,SLEEPY,31.2,682.0810000000009
182.8668990135193,SLEEPY,True,SLEEPY,47.1,682.5520000000009
182.93455910682678,SLEEPY,True,SLEEPY,21.2,682.7640000000009
183.00012850761414,SLEEPY,True,SLEEPY,30.3,683.0670000000009
183.05730438232422,SLEEPY,True,SLEEPY,15.6,683.2230000000009
183.12546372413635,SLEEPY,True,SLEEPY,44.4,683.6670000000008
183.1904628276825,SLEEPY,True,SLEEPY,33.3,684.0000000000008
183.24829721450806,SLEEPY,True,SLEEPY,28.1,684.2810000000007
183.40467476844788,SLEEPY,True,SLEEPY,88.8,685.1690000000008
183.49002265930176,SLEEPY,True,SLEEPY,43.8,685.6070000000008
183.58029294013977,SLEEPY,True,SLEEPY,34.1,685.9480000000008
183.6206977367401,SLEEPY,True,SLEEPY,25.0,686.1980000000008
183.6988718509674,SLEEPY,True,SLEEPY,21.4,686.4120000000008
183.7454435825348,SLEEPY,True,SLEEPY,26.1,686.6730000000008
183.82337260246277,SLEEPY,True,SLEEPY,23.3,686.9060000000007
183.89074969291687,SLEEPY,True,SLEEPY,9.4,687.0000000000008
183.94467425346375,SLEEPY,True,SLEEPY,47.1,687.4710000000008
184.01309180259705,SLEEPY,True,SLEEPY,15.6,687.6270000000007
184.08094549179077,SLEEPY,True,SLEEPY,25.0,687.8770000000007
184.14214181900024,SLEEPY,True,SLEEPY,34.4,688.2210000000008
184.19864225387573,SLEEPY,True,SLEEPY,56.2,688.7830000000008
184.25356578826904,SLEEPY,True,SLEEPY,28.0,689.0630000000008
184.3189353942871,SLEEPY,True,SLEEPY,20.0,689.2630000000008
184.37872409820557,SLEEPY,True,SLEEPY,19.2,689.4550000000008
184.43839812278748,SLEEPY,True,SLEEPY,25.0,689.7050000000008
184.50360894203186,SLEEPY,True,SLEEPY,23.1,689.9360000000008
184.57413530349731,SLEEPY,True,SLEEPY,6.1,689.9970000000009
184.63175630569458,SLEEPY,True,SLEEPY,10.0,690.0970000000009
184.69530701637268,SLEEPY,True,SLEEPY,14.7,690.2440000000009
184.76230716705322,SLEEPY,True,SLEEPY,15.6,690.4000000000009
184.81761240959167,SLEEPY,True,SLEEPY,23.1,690.6310000000009
184.87912678718567,SLEEPY,True,SLEEPY,22.9,690.8600000000009
184.94083523750305,SLEEPY,True,SLEEPY,33.3,691.1930000000009
185.00653433799744,SLEEPY,True,SLEEPY,20.0,691.3930000000009
185.06950497627258,SLEEPY,True,SLEEPY,3.2,691.425000000001
185.125324010849,SLEEPY,True,SLEEPY,20.0,691.625000000001
185.19351530075073,SLEEPY,True,SLEEPY,47.5,692.100000000001
185.26421475410461,SLEEPY,True,SLEEPY,12.1,692.221000000001
185.34112095832825,SLEEPY,True,SLEEPY,31.7,692.538000000001
185.4016661643982,SLEEPY,True,SLEEPY,9.4,692.6320000000011
185.4688274860382,SLEEPY,True,SLEEPY,27.3,692.9050000000011
185.52363419532776,SLEEPY,True,SLEEPY,33.3,693.2380000000011
185.58916974067688,SLEEPY,True,SLEEPY,41.2,693.6500000000011
185.65288305282593,SLEEPY,True,SLEEPY,28.1,693.9310000000011
185.7245466709137,SLEEPY,True,SLEEPY,32.4,694.255000000001
185.76739835739136,SLEEPY,True,SLEEPY,30.0,694.555000000001
185.83368802070618,SLEEPY,True,SLEEPY,33.3,694.8880000000009
185.89257431030273,SLEEPY,True,SLEEPY,14.3,695.031000000001
185.9543170928955,SLEEPY,True,SLEEPY,28.1,695.3120000000009
186.03028535842896,SLEEPY,True,SLEEPY,12.5,695.4370000000009
186.0853750705719,SLEEPY,True,SLEEPY,18.8,695.6250000000009
186.14540433883667,SLEEPY,True,SLEEPY,24.1,695.8660000000009
186.2182080745697,SLEEPY,True,SLEEPY,41.7,696.2830000000009
186.26488661766052,SLEEPY,True,SLEEPY,20.8,696.4910000000009
186.340754032135,SLEEPY,True,SLEEPY,12.5,696.6160000000009
186.38988852500916,SLEEPY,True,SLEEPY,4.2,696.6580000000009
186.46837401390076,SLEEPY,True,SLEEPY,17.5,696.8330000000009
186.52851486206055,SLEEPY,True,SLEEPY,9.4,696.9270000000009
186.5802092552185,SLEEPY,True,SLEEPY,8.3,697.0100000000009
186.66100335121155,SLEEPY,True,SLEEPY,15.2,697.162000000001
186.72755193710327,SLEEPY,True,SLEEPY,11.8,697.280000000001
186.78745293617249,SLEEPY,True,SLEEPY,34.4,697.624000000001
186.83852767944336,SLEEPY,True,SLEEPY,46.2,698.086000000001
186.91753935813904,SLEEPY,True,SLEEPY,45.2,698.538000000001
186.9668891429901,SLEEPY,True,SLEEPY,29.2,698.8300000000011
187.0244002342224,SLEEPY,True,SLEEPY,28.1,699.111000000001
187.08732509613037,SLEEPY,True,SLEEPY,12.1,699.232000000001
187.15182399749756,SLEEPY,True,SLEEPY,9.4,699.326000000001
187.21311116218567,SLEEPY,True,SLEEPY,25.0,699.576000000001
187.27129745483398,SLEEPY,True,SLEEPY,24.2,699.818000000001
187.34048700332642,SLEEPY,True,SLEEPY,12.1,699.939000000001
187.41218495368958,SLEEPY,True,SLEEPY,68.3,700.622000000001
187.4610595703125,SLEEPY,True,SLEEPY,74.1,701.363000000001
187.52915024757385,SLEEPY,True,SLEEPY,37.5,701.738000000001
187.5878038406372,SLEEPY,True,SLEEPY,32.4,702.0620000000009
187.66208267211914,SLEEPY,True,SLEEPY,35.9,702.421000000001
187.711021900177,SLEEPY,True,SLEEPY,15.4,702.575000000001
187.76929306983948,SLEEPY,True,SLEEPY,24.0,702.815000000001
187.84051370620728,SLEEPY,True,SLEEPY,12.5,702.940000000001
187.89864349365234,SLEEPY,True,SLEEPY,25.8,703.198000000001
187.9616630077362,SLEEPY,True,SLEEPY,9.1,703.289000000001
188.0352590084076,SLEEPY,True,SLEEPY,30.6,703.595000000001
188.09162831306458,SLEEPY,True,SLEEPY,27.6,703.871000000001
188.15601921081543,SLEEPY,True,SLEEPY,31.2,704.183000000001
188.22256708145142,SLEEPY,True,SLEEPY,51.4,704.697000000001
188.26564002037048,SLEEPY,True,SLEEPY,22.7,704.924000000001
188.35098028182983,SLEEPY,True,SLEEPY,34.0,705.264000000001
188.41573429107666,SLEEPY,True,SLEEPY,31.2,705.576000000001
188.46567010879517,SLEEPY,True,SLEEPY,61.5,706.191000000001
188.52174592018127,SLEEPY,True,SLEEPY,35.7,706.548000000001
188.5898380279541,SLEEPY,True,SLEEPY,36.1,706.909000000001
188.65581154823303,SLEEPY,True,SLEEPY,12.5,707.034000000001
188.7089385986328,SLEEPY,True,SLEEPY,20.0,707.2340000000011
188.77494931221008,SLEEPY,True,SLEEPY,25.7,707.491000000001
188.85351085662842,SLEEPY,True,SLEEPY,15.0,707.641000000001
188.90907788276672,SLEEPY,True,SLEEPY,44.0,708.081000000001
188.9605143070221,SLEEPY,True,SLEEPY,28.1,708.362000000001
189.02567768096924,SLEEPY,True,SLEEPY,6.7,708.429000000001
189.0988311767578,SLEEPY,True,SLEEPY,11.1,708.540000000001
189.16400599479675,SLEEPY,True,SLEEPY,7.9,708.6190000000009
189.21999979019165,SLEEPY,True,SLEEPY,4.2,708.661000000001
189.29575967788696,SLEEPY,True,SLEEPY,15.0,708.811000000001
189.34083080291748,SLEEPY,True,SLEEPY,8.7,708.8980000000009
189.40777015686035,SLEEPY,True,SLEEPY,6.1,708.959000000001
189.488538980484,SLEEPY,True,SLEEPY,19.1,709.150000000001
189.53527760505676,SLEEPY,True,SLEEPY,45.0,709.600000000001
189.60762095451355,SLEEPY,True,SLEEPY,39.0,709.990000000001
189.66776776313782,SLEEPY,True,SLEEPY,6.2,710.052000000001
189.72895622253418,SLEEPY,True,SLEEPY,34.4,710.3960000000011
189.7973403930664,SLEEPY,True,SLEEPY,9.4,710.4900000000011
189.84385919570923,SLEEPY,True,SLEEPY,17.4,710.6640000000011
189.9134340286255,SLEEPY,True,SLEEPY,18.4,710.8480000000011
189.98687171936035,SLEEPY,True,SLEEPY,15.8,711.0060000000011
190.05399441719055,SLEEPY,True,SLEEPY,10.0,711.1060000000011
190.11173152923584,SLEEPY,True,SLEEPY,16.7,711.2730000000012
190.17182421684265,SLEEPY,True,SLEEPY,40.6,711.6790000000011
190.22983121871948,SLEEPY,True,SLEEPY,37.5,712.0540000000011
190.30361557006836,SLEEPY,True,SLEEPY,25.0,712.3040000000011
190.34940767288208,SLEEPY,True,SLEEPY,32.0,712.6240000000012
190.43431901931763,SLEEPY,True,SLEEPY,17.5,712.7990000000011
190.4783890247345,SLEEPY,True,SLEEPY,29.2,713.0910000000011
190.53636288642883,SLEEPY,True,SLEEPY,17.9,713.2700000000011
190.60644960403442,SLEEPY,True,SLEEPY,5.6,713.3260000000012
190.66142177581787,SLEEPY,True,SLEEPY,34.4,713.6700000000012
190.74301099777222,SLEEPY,True,SLEEPY,10.3,713.7730000000012
190.80785846710205,SLEEPY,True,SLEEPY,25.7,714.0300000000011
190.85833716392517,SLEEPY,True,SLEEPY,8.7,714.1170000000011
190.93503999710083,SLEEPY,True,SLEEPY,25.6,714.3730000000011
191.00400018692017,SLEEPY,True,SLEEPY,25.6,714.629000000001
191.06034398078918,SLEEPY,True,SLEEPY,46.2,715.091000000001
191.1182563304901,SLEEPY,True,SLEEPY,53.1,715.622000000001
191.17451739311218,SLEEPY,True,SLEEPY,25.0,715.872000000001
191.25556135177612,SLEEPY,True,SLEEPY,31.2,716.184000000001
191.31874537467957,SLEEPY,True,SLEEPY,43.8,716.622000000001
191.39352083206177,SLEEPY,True,SLEEPY,18.8,716.810000000001
191.4661829471588,SLEEPY,True,SLEEPY,36.6,717.176000000001
191.51570296287537,SLEEPY,True,SLEEPY,16.7,717.343000000001
191.57532024383545,SLEEPY,True,SLEEPY,36.1,717.704000000001
191.64146161079407,SLEEPY,True,SLEEPY,12.5,717.829000000001
191.69933652877808,SLEEPY,True,SLEEPY,15.6,717.9850000000009
191.7517125606537,SLEEPY,True,SLEEPY,48.0,718.4650000000009
191.83253049850464,SLEEPY,True,SLEEPY,39.1,718.8560000000009
191.88551259040833,SLEEPY,True,SLEEPY,20.0,719.056000000001
191.96297192573547,SLEEPY,True,SLEEPY,24.4,719.300000000001
192.0123348236084,SLEEPY,True,SLEEPY,33.3,719.633000000001
192.0734827518463,SLEEPY,True,SLEEPY,18.8,719.8210000000009
192.13563418388367,SLEEPY,True,SLEEPY,43.8,720.2590000000009
192.20387363433838,SLEEPY,True,SLEEPY,53.1,720.7900000000009
192.2606484889984,SLEEPY,True,SLEEPY,46.9,721.2590000000009
192.31434893608093,SLEEPY,True,SLEEPY,16.0,721.4190000000009
192.39189529418945,SLEEPY,True,SLEEPY,100.0,722.4190000000009
192.45840644836426,SLEEPY,True,SLEEPY,100.0,723.4190000000009
192.51949334144592,SLEEPY,True,SLEEPY,77.4,724.1930000000009
192.58006858825684,SLEEPY,True,SLEEPY,36.0,724.5530000000009
192.64907121658325,SLEEPY,True,SLEEPY,40.0,724.9530000000009
192.7178349494934,SLEEPY,True,SLEEPY,56.2,725.5150000000009
192.7627410888672,SLEEPY,True,SLEEPY,33.3,725.8480000000009
192.82308506965637,SLEEPY,True,SLEEPY,21.9,726.0670000000009
192.87694025039673,SLEEPY,True,SLEEPY,25.0,726.3170000000009
192.94353556632996,SLEEPY,True,SLEEPY,22.5,726.5420000000009
193.00623726844788,SLEEPY,True,SLEEPY,9.1,726.633000000001
193.0872573852539,SLEEPY,True,SLEEPY,7.1,726.704000000001
193.14905405044556,SLEEPY,True,SLEEPY,9.7,726.801000000001
193.21218967437744,SLEEPY,True,SLEEPY,13.3,726.934000000001
193.28504824638367,SLEEPY,True,SLEEPY,2.8,726.962000000001
193.3478593826294,SLEEPY,True,SLEEPY,5.9,727.021000000001
193.4132010936737,SLEEPY,True,SLEEPY,5.4,727.075000000001
193.46364665031433,SLEEPY,True,SLEEPY,52.0,727.5950000000009
193.52010250091553,SLEEPY,True,SLEEPY,32.1,727.916000000001
193.5841634273529,SLEEPY,True,SLEEPY,60.5,728.521000000001
193.65953993797302,SLEEPY,True,SLEEPY,42.9,728.950000000001
193.71495938301086,SLEEPY,True,SLEEPY,40.0,729.3500000000009
193.779230594635,SLEEPY,True,SLEEPY,34.4,729.694000000001
193.84322118759155,SLEEPY,True,SLEEPY,25.0,729.944000000001
193.89870047569275,SLEEPY,True,SLEEPY,37.5,730.319000000001
193.97035217285156,SLEEPY,True,SLEEPY,25.0,730.569000000001
194.0308849811554,SLEEPY,True,SLEEPY,21.2,730.781000000001
194.08600044250488,SLEEPY,True,SLEEPY,15.6,730.9370000000009
194.1556806564331,SLEEPY,True,SLEEPY,30.3,731.2400000000009
194.22131729125977,SLEEPY,True,SLEEPY,12.5,731.3650000000009
194.28828382492065,SLEEPY,True,SLEEPY,23.7,731.6020000000009
194.35268926620483,SLEEPY,True,SLEEPY,18.2,731.7840000000009
194.4130699634552,SLEEPY,True,SLEEPY,10.3,731.8870000000009
194.48101043701172,SLEEPY,True,SLEEPY,11.1,731.9980000000008
194.5411365032196,SLEEPY,True,SLEEPY,16.1,732.1590000000008
194.6110761165619,SLEEPY,True,SLEEPY,9.1,732.2500000000008
194.67498898506165,SLEEPY,True,SLEEPY,25.0,732.5000000000008
194.73861575126648,SLEEPY,True,SLEEPY,26.8,732.7680000000008
194.79062676429749,SLEEPY,True,SLEEPY,28.0,733.0480000000008
194.8584268093109,SLEEPY,True,SLEEPY,32.4,733.3720000000008
194.92487692832947,SLEEPY,True,SLEEPY,30.3,733.6750000000008
194.9794886112213,SLEEPY,True,SLEEPY,39.4,734.0690000000008
195.04396080970764,SLEEPY,True,SLEEPY,15.6,734.2250000000007
195.11844038963318,SLEEPY,True,SLEEPY,24.4,734.4690000000007
195.17451071739197,SLEEPY,True,SLEEPY,33.3,734.8020000000007
195.2324366569519,SLEEPY,True,SLEEPY,28.1,735.0830000000007
195.2975730895996,SLEEPY,True,SLEEPY,18.8,735.2710000000006
195.3613452911377,SLEEPY,True,SLEEPY,12.1,735.3920000000006
195.42494130134583,SLEEPY,True,SLEEPY,33.3,735.7250000000006
195.47385478019714,SLEEPY,True,SLEEPY,32.3,736.0480000000006
195.5437023639679,SLEEPY,True,SLEEPY,14.7,736.1950000000006
195.6095187664032,SLEEPY,True,SLEEPY,38.2,736.5770000000006
195.6625828742981,SLEEPY,True,SLEEPY,28.1,736.8580000000005
195.71981620788574,SLEEPY,True,SLEEPY,28.0,737.1380000000005
195.79720497131348,SLEEPY,True,SLEEPY,15.4,737.2920000000005
195.86614680290222,SLEEPY,True,SLEEPY,10.3,737.3950000000004
195.9292242527008,SLEEPY,True,SLEEPY,11.4,737.5090000000005
195.98995900154114,SLEEPY,True,SLEEPY,3.8,737.5470000000005
196.05796194076538,SLEEPY,True,SLEEPY,5.3,737.6000000000005
196.11855578422546,SLEEPY,True,SLEEPY,42.9,738.0290000000005
196.18083238601685,SLEEPY,True,SLEEPY,15.6,738.1850000000004
196.23606872558594,SLEEPY,True,SLEEPY,16.0,738.3450000000004
196.2973964214325,SLEEPY,True,SLEEPY,12.5,738.4700000000004
196.36808133125305,SLEEPY,True,SLEEPY,10.3,738.5730000000003
196.43241786956787,SLEEPY,True,SLEEPY,2.9,738.6020000000003
196.4969973564148,SLEEPY,True,SLEEPY,6.2,738.6640000000003
196.54720187187195,SLEEPY,True,SLEEPY,26.9,738.9330000000003
196.6130645275116,SLEEPY,True,SLEEPY,21.1,739.1440000000003
196.67595624923706,SLEEPY,True,SLEEPY,33.3,739.4770000000003
196.74437165260315,SLEEPY,True,SLEEPY,16.7,739.6440000000003
196.81247568130493,SLEEPY,True,SLEEPY,31.2,739.9560000000004
196.86337804794312,SLEEPY,True,SLEEPY,56.2,740.5180000000004
196.94496512413025,SLEEPY,True,SLEEPY,15.4,740.6720000000004
197.01055908203125,SLEEPY,True,SLEEPY,11.4,740.7860000000004
197.04978394508362,SLEEPY,True,SLEEPY,6.2,740.8480000000004
197.11821103096008,SLEEPY,True,SLEEPY,31.7,741.1650000000004
197.18249416351318,SLEEPY,True,SLEEPY,15.6,741.3210000000004
197.24023008346558,SLEEPY,True,SLEEPY,16.1,741.4820000000003
197.3204174041748,SLEEPY,True,SLEEPY,24.4,741.7260000000003
197.35920929908752,SLEEPY,True,SLEEPY,18.8,741.9140000000003
197.45301222801208,SLEEPY,True,SLEEPY,35.4,742.2680000000004
197.5158293247223,SLEEPY,True,SLEEPY,100.0,743.2680000000004
197.5734281539917,SLEEPY,True,SLEEPY,58.8,743.8560000000003
197.6288673877716,SLEEPY,True,SLEEPY,25.9,744.1150000000004
197.68096113204956,SLEEPY,True,SLEEPY,14.3,744.2580000000004
197.75026535987854,SLEEPY,True,SLEEPY,18.2,744.4400000000004
197.8085446357727,SLEEPY,True,SLEEPY,21.9,744.6590000000004
197.86737847328186,SLEEPY,True,SLEEPY,20.0,744.8590000000005
197.92315435409546,SLEEPY,True,SLEEPY,19.2,745.0510000000005
197.99789142608643,SLEEPY,True,SLEEPY,17.5,745.2260000000005
198.04722666740417,SLEEPY,True,SLEEPY,30.4,745.5300000000004
198.12352633476257,SLEEPY,True,SLEEPY,34.1,745.8710000000004
198.1914200782776,SLEEPY,True,SLEEPY,27.8,746.1490000000005
198.24820709228516,SLEEPY,True,SLEEPY,12.5,746.2740000000005
198.3310444355011,SLEEPY,True,SLEEPY,4.5,746.3190000000004
198.39053440093994,SLEEPY,True,SLEEPY,25.0,746.5690000000004
198.44425177574158,SLEEPY,True,SLEEPY,32.3,746.8920000000004
198.50305104255676,SLEEPY,True,SLEEPY,7.7,746.9690000000004
198.57775950431824,SLEEPY,True,SLEEPY,32.5,747.2940000000004
198.63549160957336,SLEEPY,True,SLEEPY,27.3,747.5670000000005
198.6936321258545,SLEEPY,True,SLEEPY,18.8,747.7550000000005
198.7594633102417,SLEEPY,True,SLEEPY,12.1,747.8760000000004
198.83534598350525,SLEEPY,True,SLEEPY,35.0,748.2260000000005
198.87423753738403,SLEEPY,True,SLEEPY,37.5,748.6010000000005
198.9411587715149,SLEEPY,True,SLEEPY,9.1,748.6920000000005
199.0034191608429,SLEEPY,True,SLEEPY,3.1,748.7230000000004
199.07280683517456,SLEEPY,True,SLEEPY,20.0,748.9230000000005
199.13260865211487,SLEEPY,True,SLEEPY,10.3,749.0260000000004
199.20049238204956,SLEEPY,True,SLEEPY,11.4,749.1400000000004
199.25550413131714,SLEEPY,True,SLEEPY,35.5,749.4950000000005
199.330069065094,SLEEPY,True,SLEEPY,14.7,749.6420000000005
199.38775730133057,SLEEPY,True,SLEEPY,50.0,750.1420000000005
199.4515905380249,SLEEPY,True,SLEEPY,12.5,750.2670000000005
199.50005722045898,SLEEPY,True,SLEEPY,16.7,750.4340000000005
199.5767149925232,SLEEPY,True,SLEEPY,20.0,750.6340000000006
199.6247799396515,SLEEPY,True,SLEEPY,16.7,750.8010000000006
199.70919036865234,SLEEPY,True,SLEEPY,47.9,751.2800000000007
199.76430892944336,SLEEPY,True,SLEEPY,41.7,751.6970000000007
199.83284854888916,SLEEPY,True,SLEEPY,16.7,751.8640000000007
199.89932870864868,SLEEPY,True,SLEEPY,13.9,752.0030000000007
199.9530303478241,SLEEPY,True,SLEEPY,12.5,752.1280000000007
200.00342869758606,SLEEPY,True,SLEEPY,50.0,752.6280000000007
200.0825493335724,SLEEPY,True,SLEEPY,29.5,752.9230000000007
200.1387116909027,SLEEPY,True,SLEEPY,6.7,752.9900000000007
200.19930934906006,SLEEPY,True,SLEEPY,15.6,753.1460000000006
200.26982259750366,SLEEPY,True,SLEEPY,31.0,753.4560000000006
200.33346819877625,SLEEPY,True,SLEEPY,43.8,753.8940000000006
200.38698744773865,SLEEPY,True,SLEEPY,56.0,754.4540000000005
200.45512008666992,SLEEPY,True,SLEEPY,46.9,754.9230000000006
200.5156683921814,SLEEPY,True,SLEEPY,43.8,755.3610000000006
200.57501435279846,SLEEPY,True,SLEEPY,34.4,755.7050000000006
200.63852787017822,SLEEPY,True,SLEEPY,6.2,755.7670000000006
200.70144152641296,SLEEPY,True,SLEEPY,23.5,756.0020000000006
200.75237441062927,SLEEPY,True,SLEEPY,28.0,756.2820000000006
200.82718133926392,SLEEPY,True,SLEEPY,52.5,756.8070000000006
200.8837115764618,SLEEPY,True,SLEEPY,42.4,757.2310000000006
200.94073843955994,SLEEPY,True,SLEEPY,8.0,757.3110000000006
201.017009973526,SLEEPY,True,SLEEPY,17.5,757.4860000000006
201.08107209205627,SLEEPY,True,SLEEPY,12.1,757.6070000000005
201.12364101409912,SLEEPY,True,SLEEPY,29.2,757.8990000000006
201.190922498703,SLEEPY,True,SLEEPY,40.0,758.2990000000005
201.2678370475769,SLEEPY,True,SLEEPY,36.6,758.6650000000005
201.3258180618286,SLEEPY,True,SLEEPY,22.6,758.8910000000005
201.39261984825134,SLEEPY,True,SLEEPY,17.6,759.0670000000006
201.4471046924591,SLEEPY,True,SLEEPY,31.2,759.3790000000006
201.5244164466858,SLEEPY,True,SLEEPY,25.0,759.6290000000006
201.5722098350525,SLEEPY,True,SLEEPY,21.7,759.8460000000006
201.63862872123718,SLEEPY,True,SLEEPY,8.8,759.9340000000005
201.69838404655457,SLEEPY,True,SLEEPY,9.4,760.0280000000006
201.74730706214905,SLEEPY,True,SLEEPY,8.3,760.1110000000006
201.82983350753784,SLEEPY,True,SLEEPY,0.0,760.1110000000006
201.87189865112305,SLEEPY,True,SLEEPY,16.7,760.2780000000006
201.9469017982483,SLEEPY,True,SLEEPY,2.6,760.3040000000005
202.0120975971222,SLEEPY,True,SLEEPY,6.5,760.3690000000006
202.0752775669098,SLEEPY,True,SLEEPY,9.4,760.4630000000006
202.14931321144104,SLEEPY,True,SLEEPY,33.3,760.7960000000006
202.205251455307,SLEEPY,True,SLEEPY,25.0,761.0460000000006
202.26071524620056,SLEEPY,True,SLEEPY,16.7,761.2130000000006
202.31690096855164,SLEEPY,True,SLEEPY,33.3,761.5460000000006
202.39028882980347,SLEEPY,True,SLEEPY,3.1,761.5770000000006
202.4462113380432,SLEEPY,True,SLEEPY,12.1,761.6980000000005
202.50535774230957,SLEEPY,True,SLEEPY,7.4,761.7720000000005
202.57407999038696,SLEEPY,True,SLEEPY,5.4,761.8260000000005
202.6466143131256,SLEEPY,True,SLEEPY,31.6,762.1420000000005
202.71294283866882,SLEEPY,True,SLEEPY,11.4,762.2560000000005
202.77674221992493,SLEEPY,True,SLEEPY,28.1,762.5370000000005
202.83700489997864,SLEEPY,True,SLEEPY,37.5,762.9120000000005
202.90662360191345,SLEEPY,True,SLEEPY,40.0,763.3120000000005
202.9623987674713,SLEEPY,True,SLEEPY,12.1,763.4330000000004
203.0379123687744,SLEEPY,True,SLEEPY,7.9,763.5120000000004
203.07876801490784,SLEEPY,True,SLEEPY,11.1,763.6230000000004
203.15088772773743,SLEEPY,True,SLEEPY,12.5,763.7480000000004
203.20965361595154,SLEEPY,True,SLEEPY,6.7,763.8150000000004
203.2741503715515,SLEEPY,True,SLEEPY,11.8,763.9330000000004
203.34156107902527,SLEEPY,True,SLEEPY,18.8,764.1210000000004
203.40203833580017,SLEEPY,True,SLEEPY,27.3,764.3940000000005
203.47370862960815,SLEEPY,True,SLEEPY,50.0,764.8940000000005
203.52808666229248,SLEEPY,True,SLEEPY,25.0,765.1440000000005
203.59991002082825,SLEEPY,True,SLEEPY,35.7,765.5010000000004
203.65488076210022,SLEEPY,True,SLEEPY,12.5,765.6260000000004
203.71847009658813,SLEEPY,True,SLEEPY,12.5,765.7510000000004
203.7849988937378,SLEEPY,True,SLEEPY,30.6,766.0570000000005
203.84118509292603,SLEEPY,True,SLEEPY,14.8,766.2050000000005
203.90708231925964,SLEEPY,True,SLEEPY,11.8,766.3230000000005
203.96847128868103,SLEEPY,True,SLEEPY,38.2,766.7050000000005
204.02898502349854,SLEEPY,True,SLEEPY,19.4,766.8990000000005
204.09357237815857,SLEEPY,True,SLEEPY,17.6,767.0750000000005
204.1677050590515,SLEEPY,True,SLEEPY,35.0,767.4250000000005
204.21569514274597,SLEEPY,True,SLEEPY,15.0,767.5750000000005
204.2833914756775,SLEEPY,True,SLEEPY,13.9,767.7140000000005
204.343914270401,SLEEPY,True,SLEEPY,14.7,767.8610000000006
204.4140751361847,SLEEPY,True,SLEEPY,5.0,767.9110000000005
204.4793848991394,SLEEPY,True,SLEEPY,3.1,767.9420000000005
204.54000878334045,SLEEPY,True,SLEEPY,9.4,768.0360000000005
204.58807396888733,SLEEPY,True,SLEEPY,9.1,768.1270000000005
204.66564202308655,SLEEPY,True,SLEEPY,9.5,768.2220000000005
204.7127170562744,SLEEPY,True,SLEEPY,40.0,768.6220000000005
204.77686190605164,SLEEPY,True,SLEEPY,26.7,768.8890000000006
204.8312680721283,SLEEPY,True,SLEEPY,15.4,769.0430000000006
204.897381067276,SLEEPY,True,SLEEPY,60.5,769.6480000000006
204.96579456329346,SLEEPY,True,SLEEPY,9.4,769.7420000000006
205.03233194351196,SLEEPY,True,SLEEPY,9.4,769.8360000000007
205.0932698249817,SLEEPY,True,SLEEPY,24.2,770.0780000000007
205.1638309955597,SLEEPY,True,SLEEPY,20.0,770.2780000000007
205.22312998771667,SLEEPY,True,SLEEPY,3.8,770.3160000000007
205.2804045677185,SLEEPY,True,SLEEPY,3.7,770.3530000000007
205.345956325531,SLEEPY,True,SLEEPY,11.4,770.4670000000008
205.39230751991272,SLEEPY,True,SLEEPY,29.2,770.7590000000008
205.47411060333252,SLEEPY,True,SLEEPY,43.5,771.1940000000008
205.5333034992218,SLEEPY,True,SLEEPY,40.7,771.6010000000008
205.59631967544556,SLEEPY,True,SLEEPY,64.7,772.2480000000008
205.70098733901978,SLEEPY,True,SLEEPY,51.8,772.7660000000009
205.78017163276672,SLEEPY,True,SLEEPY,67.5,773.4410000000008
205.83292365074158,SLEEPY,True,SLEEPY,37.0,773.8110000000008
205.92582821846008,SLEEPY,True,SLEEPY,6.2,773.8730000000008
205.96695613861084,SLEEPY,True,SLEEPY,4.5,773.9180000000008
206.04659152030945,SLEEPY,True,SLEEPY,12.5,774.0430000000008
206.11078691482544,SLEEPY,True,SLEEPY,24.2,774.2850000000008
206.17573165893555,SLEEPY,True,SLEEPY,29.4,774.5790000000007
206.2285077571869,SLEEPY,True,SLEEPY,24.2,774.8210000000007
206.29361867904663,SLEEPY,True,SLEEPY,26.5,775.0860000000007
206.3630862236023,SLEEPY,True,SLEEPY,12.1,775.2070000000007
206.41591620445251,SLEEPY,True,SLEEPY,39.0,775.5970000000007
206.54187297821045,SLEEPY,True,SLEEPY,67.3,776.2700000000007
206.6188235282898,SLEEPY,True,SLEEPY,26.3,776.5330000000007
206.66610026359558,SLEEPY,True,SLEEPY,12.0,776.6530000000007
206.72171831130981,SLEEPY,True,SLEEPY,24.0,776.8930000000007
206.7975413799286,SLEEPY,True,SLEEPY,22.5,777.1180000000007
206.86243653297424,SLEEPY,True,SLEEPY,37.5,777.4930000000007
206.9292471408844,SLEEPY,True,SLEEPY,25.0,777.7430000000007
206.9840681552887,SLEEPY,True,SLEEPY,20.0,777.9430000000008
207.04542231559753,SLEEPY,True,SLEEPY,21.9,778.1620000000008
207.10393166542053,SLEEPY,True,SLEEPY,15.6,778.3180000000008
207.16399216651917,SLEEPY,True,SLEEPY,15.2,778.4700000000008
207.22042083740234,SLEEPY,True,SLEEPY,33.3,778.8030000000008
207.2942235469818,SLEEPY,True,SLEEPY,26.8,779.0710000000008
207.339693069458,SLEEPY,True,SLEEPY,16.7,779.2380000000009
207.42239999771118,SLEEPY,True,SLEEPY,14.6,779.3840000000008
207.47833919525146,SLEEPY,True,SLEEPY,27.3,779.6570000000008
207.54090070724487,SLEEPY,True,SLEEPY,15.6,779.8130000000008
207.61573362350464,SLEEPY,True,SLEEPY,10.8,779.9210000000007
207.67746782302856,SLEEPY,True,SLEEPY,3.4,779.9550000000007
207.7259500026703,SLEEPY,True,SLEEPY,3.7,779.9920000000008
207.79202222824097,SLEEPY,True,SLEEPY,3.2,780.0240000000008
207.85416722297668,SLEEPY,True,SLEEPY,14.7,780.1710000000008
207.91599106788635,SLEEPY,True,SLEEPY,23.5,780.4060000000009
208.02258324623108,SLEEPY,True,SLEEPY,100.0,781.4060000000009
208.09321856498718,SLEEPY,True,SLEEPY,78.1,782.1870000000008
208.1666762828827,SLEEPY,True,SLEEPY,41.5,782.6020000000008
208.22757077217102,SLEEPY,True,SLEEPY,42.4,783.0260000000007
208.2910258769989,SLEEPY,True,SLEEPY,33.3,783.3590000000007
208.35936856269836,SLEEPY,True,SLEEPY,31.2,783.6710000000007
208.42466521263123,SLEEPY,True,SLEEPY,21.9,783.8900000000008
208.48949718475342,SLEEPY,True,SLEEPY,36.1,784.2510000000008
208.55054426193237,SLEEPY,True,SLEEPY,29.0,784.5410000000007
208.63014101982117,SLEEPY,True,SLEEPY,20.9,784.7500000000007
208.67563772201538,SLEEPY,True,SLEEPY,46.2,785.2120000000007
208.74755024909973,SLEEPY,True,SLEEPY,44.1,785.6530000000007
208.81803250312805,SLEEPY,True,SLEEPY,65.9,786.3120000000007
208.8795244693756,SLEEPY,True,SLEEPY,60.6,786.9180000000007
208.93396878242493,SLEEPY,True,SLEEPY,42.3,787.3410000000007
209.01229667663574,SLEEPY,True,SLEEPY,15.0,787.4910000000007
209.0527081489563,SLEEPY,True,SLEEPY,26.1,787.7520000000006
209.12402391433716,SLEEPY,True,SLEEPY,6.1,787.8130000000007
209.19257497787476,SLEEPY,True,SLEEPY,22.5,788.0380000000007
209.25054001808167,SLEEPY,True,SLEEPY,12.5,788.1630000000007
209.3058762550354,SLEEPY,True,SLEEPY,18.8,788.3510000000007
209.368572473526,SLEEPY,True,SLEEPY,9.4,788.4450000000007
209.4264795780182,SLEEPY,True,SLEEPY,31.2,788.7570000000007
209.49687957763672,SLEEPY,True,SLEEPY,19.4,788.9510000000007
209.5541307926178,SLEEPY,True,SLEEPY,18.2,789.1330000000007
209.62191486358643,SLEEPY,True,SLEEPY,23.5,789.3680000000007
209.6902461051941,SLEEPY,True,SLEEPY,6.2,789.4300000000007
209.75581812858582,SLEEPY,True,SLEEPY,25.0,789.6800000000007
209.82316541671753,SLEEPY,True,SLEEPY,2.9,789.7090000000007
209.89126181602478,SLEEPY,True,SLEEPY,5.9,789.7680000000007
209.93732929229736,SLEEPY,True,SLEEPY,12.5,789.8930000000007
210.00351309776306,SLEEPY,True,SLEEPY,6.2,789.9550000000007
210.0770401954651,SLEEPY,True,SLEEPY,21.4,790.1690000000008
210.13773775100708,SLEEPY,True,SLEEPY,18.8,790.3570000000008
210.20374131202698,SLEEPY,True,SLEEPY,18.8,790.5450000000008
210.2725169658661,SLEEPY,True,SLEEPY,39.5,790.9400000000007
210.33036518096924,SLEEPY,True,SLEEPY,20.8,791.1480000000007
210.38734221458435,SLEEPY,True,SLEEPY,34.4,791.4920000000008
210.4368622303009,SLEEPY,True,SLEEPY,16.0,791.6520000000007
210.5153772830963,SLEEPY,True,SLEEPY,15.0,791.8020000000007
210.57343006134033,SLEEPY,True,SLEEPY,6.5,791.8670000000008
210.65018820762634,SLEEPY,True,SLEEPY,4.9,791.9160000000007
210.71002054214478,SLEEPY,True,SLEEPY,13.8,792.0540000000008
210.7750346660614,SLEEPY,True,SLEEPY,9.4,792.1480000000008
210.8492133617401,SLEEPY,True,SLEEPY,18.2,792.3300000000008
210.90814757347107,SLEEPY,True,SLEEPY,24.0,792.5700000000008
210.96443843841553,SLEEPY,True,SLEEPY,25.0,792.8200000000008
211.03286147117615,SLEEPY,True,SLEEPY,9.4,792.9140000000009
211.09663796424866,SLEEPY,True,SLEEPY,6.2,792.9760000000009
211.1623466014862,SLEEPY,True,SLEEPY,26.2,793.2380000000009
211.22151160240173,SLEEPY,True,SLEEPY,4.2,793.2800000000009
211.28465032577515,SLEEPY,True,SLEEPY,40.6,793.6860000000008
211.33482217788696,SLEEPY,True,SLEEPY,46.9,794.1550000000009
211.40926861763,SLEEPY,True,SLEEPY,37.1,794.5260000000009
211.46496510505676,SLEEPY,True,SLEEPY,41.9,794.9450000000008
211.53543138504028,SLEEPY,True,SLEEPY,26.5,795.2100000000008
211.58245253562927,SLEEPY,True,SLEEPY,20.0,795.4100000000009
211.66229796409607,SLEEPY,True,SLEEPY,34.1,795.7510000000009
211.72027444839478,SLEEPY,True,SLEEPY,20.8,795.9590000000009
211.77586483955383,SLEEPY,True,SLEEPY,15.6,796.1150000000008
211.85026264190674,SLEEPY,True,SLEEPY,2.5,796.1400000000008
211.9063539505005,SLEEPY,True,SLEEPY,25.0,796.3900000000008
211.97730159759521,SLEEPY,True,SLEEPY,5.1,796.4410000000008
212.05158305168152,SLEEPY,True,SLEEPY,11.1,796.5520000000008
212.11766910552979,SLEEPY,True,SLEEPY,17.1,796.7230000000009
212.16583156585693,SLEEPY,True,SLEEPY,44.4,797.1670000000008
212.23257112503052,SLEEPY,True,SLEEPY,40.6,797.5730000000008
212.3009672164917,SLEEPY,True,SLEEPY,42.1,797.9940000000008
212.35318875312805,SLEEPY,True,SLEEPY,19.2,798.1860000000008
212.43166303634644,SLEEPY,True,SLEEPY,30.0,798.4860000000008
212.48358988761902,SLEEPY,True,SLEEPY,45.8,798.9440000000008
212.546160697937,SLEEPY,True,SLEEPY,75.8,799.7020000000008
212.6159291267395,SLEEPY,True,SLEEPY,37.5,800.0770000000008
212.68336844444275,SLEEPY,True,SLEEPY,12.5,800.2020000000008
212.72556257247925,SLEEPY,True,SLEEPY,4.8,800.2500000000008
212.78958535194397,SLEEPY,True,SLEEPY,18.8,800.4380000000008
212.8702416419983,SLEEPY,True,SLEEPY,14.0,800.5780000000008
212.93581581115723,SLEEPY,True,SLEEPY,27.3,800.8510000000008
212.99412369728088,SLEEPY,True,SLEEPY,15.6,801.0070000000007
213.05374670028687,SLEEPY,True,SLEEPY,15.6,801.1630000000007
213.13416695594788,SLEEPY,True,SLEEPY,7.5,801.2380000000007
213.20459604263306,SLEEPY,True,SLEEPY,36.4,801.6020000000008
213.27131366729736,SLEEPY,True,SLEEPY,54.8,802.1500000000008
213.32100105285645,SLEEPY,True,SLEEPY,29.2,802.4420000000008
213.393630027771,SLEEPY,True,SLEEPY,15.2,802.5940000000008
213.44274520874023,SLEEPY,True,SLEEPY,37.9,802.9730000000009
213.50024318695068,SLEEPY,True,SLEEPY,7.4,803.0470000000008
213.58551287651062,SLEEPY,True,SLEEPY,28.6,803.3330000000008
213.6455762386322,SLEEPY,True,SLEEPY,32.3,803.6560000000007
213.6944136619568,SLEEPY,True,SLEEPY,3.3,803.6890000000008
213.77505373954773,SLEEPY,True,SLEEPY,12.2,803.8110000000007
213.82134628295898,SLEEPY,True,SLEEPY,5.0,803.8610000000007
213.8877522945404,SLEEPY,True,SLEEPY,2.9,803.8900000000007
213.94902753829956,SLEEPY,True,SLEEPY,3.2,803.9220000000007
214.01149010658264,SLEEPY,True,SLEEPY,20.0,804.1220000000008
214.0778956413269,SLEEPY,True,SLEEPY,21.2,804.3340000000007
214.13480854034424,SLEEPY,True,SLEEPY,33.3,804.6670000000007
214.19883060455322,SLEEPY,True,SLEEPY,30.3,804.9700000000007
214.2665286064148,SLEEPY,True,SLEEPY,41.2,805.3820000000007
214.3200445175171,SLEEPY,True,SLEEPY,28.1,805.6630000000007
214.3905622959137,SLEEPY,True,SLEEPY,6.2,805.7250000000007
214.44239211082458,SLEEPY,True,SLEEPY,14.8,805.8730000000007
214.51129150390625,SLEEPY,True,SLEEPY,18.4,806.0570000000007
214.5725507736206,SLEEPY,True,SLEEPY,12.5,806.1820000000007
214.62995743751526,SLEEPY,True,SLEEPY,22.2,806.4040000000007
214.69727516174316,SLEEPY,True,SLEEPY,8.1,806.4850000000007
214.76148533821106,SLEEPY,True,SLEEPY,23.5,806.7200000000007
214.82813358306885,SLEEPY,True,SLEEPY,18.8,806.9080000000007
214.88458585739136,SLEEPY,True,SLEEPY,15.6,807.0640000000006
214.93612265586853,SLEEPY,True,SLEEPY,16.0,807.2240000000006
215.0184326171875,SLEEPY,True,SLEEPY,12.5,807.3490000000006
215.073650598526,SLEEPY,True,SLEEPY,12.5,807.4740000000006
215.14057397842407,SLEEPY,True,SLEEPY,6.2,807.5360000000006
215.1964418888092,SLEEPY,True,SLEEPY,15.6,807.6920000000006
215.26305317878723,SLEEPY,True,SLEEPY,3.2,807.7240000000006
215.3258867263794,SLEEPY,True,SLEEPY,9.1,807.8150000000006
215.390123128891,SLEEPY,True,SLEEPY,15.6,807.9710000000006
215.470801115036,SLEEPY,True,SLEEPY,12.2,808.0930000000005
215.5366027355194,SLEEPY,True,SLEEPY,22.9,808.3220000000006
215.59913301467896,SLEEPY,True,SLEEPY,40.5,808.7270000000005
215.65082216262817,SLEEPY,True,SLEEPY,4.2,808.7690000000006
215.72220253944397,SLEEPY,True,SLEEPY,3.1,808.8000000000005
215.78293681144714,SLEEPY,True,SLEEPY,6.2,808.8620000000005
215.85983633995056,SLEEPY,True,SLEEPY,7.3,808.9350000000005
215.9316475391388,SLEEPY,True,SLEEPY,9.8,809.0330000000005
215.98925161361694,SLEEPY,True,SLEEPY,20.7,809.2400000000005
216.04764008522034,SLEEPY,True,SLEEPY,48.1,809.7210000000005
216.11500477790833,SLEEPY,True,SLEEPY,36.6,810.0870000000004
216.19987201690674,SLEEPY,True,SLEEPY,67.4,810.7610000000004
216.2871491909027,SLEEPY,True,SLEEPY,37.8,811.1390000000005
216.3632218837738,SLEEPY,True,SLEEPY,11.1,811.2500000000005
216.4276089668274,SLEEPY,True,SLEEPY,11.8,811.3680000000005
216.47456550598145,SLEEPY,True,SLEEPY,16.7,811.5350000000005
216.5520520210266,SLEEPY,True,SLEEPY,32.6,811.8610000000006
216.60605359077454,SLEEPY,True,SLEEPY,28.0,812.1410000000005
216.66775918006897,SLEEPY,True,SLEEPY,18.2,812.3230000000005
216.73592829704285,SLEEPY,True,SLEEPY,6.7,812.3900000000006
216.79678463935852,SLEEPY,True,SLEEPY,17.6,812.5660000000006
216.86417889595032,SLEEPY,True,SLEEPY,32.4,812.8900000000006
216.9491729736328,SLEEPY,True,SLEEPY,89.4,813.7840000000006
217.0490849018097,SLEEPY,True,SLEEPY,41.7,814.2010000000006
217.1150233745575,SLEEPY,True,SLEEPY,52.5,814.7260000000006
217.17358231544495,SLEEPY,True,SLEEPY,32.0,815.0460000000006
217.26669335365295,SLEEPY,True,SLEEPY,12.5,815.1710000000006
217.31913709640503,SLEEPY,True,SLEEPY,45.5,815.6260000000007
217.37329387664795,SLEEPY,True,SLEEPY,4.2,815.6680000000007
217.4323422908783,SLEEPY,True,SLEEPY,15.6,815.8240000000006
217.4887194633484,SLEEPY,True,SLEEPY,12.9,815.9530000000007
217.56010055541992,SLEEPY,True,SLEEPY,31.4,816.2670000000006
217.6120536327362,SLEEPY,True,SLEEPY,20.8,816.4750000000006
217.68373727798462,SLEEPY,True,SLEEPY,22.0,816.6950000000006
217.74604034423828,SLEEPY,True,SLEEPY,9.4,816.7890000000007
217.8161699771881,SLEEPY,True,SLEEPY,20.5,816.9940000000007
217.88479685783386,SLEEPY,True,SLEEPY,35.3,817.3470000000007
217.93998265266418,SLEEPY,True,SLEEPY,32.0,817.6670000000007
217.99384784698486,SLEEPY,True,SLEEPY,48.4,818.1510000000007
218.07997584342957,SLEEPY,True,SLEEPY,31.0,818.4610000000007
218.1240050792694,SLEEPY,True,SLEEPY,45.8,818.9190000000007
218.18336462974548,SLEEPY,True,SLEEPY,26.7,819.1860000000007
218.2442982196808,SLEEPY,True,SLEEPY,12.1,819.3070000000007
218.31076192855835,SLEEPY,True,SLEEPY,9.1,819.3980000000007
218.38129425048828,SLEEPY,True,SLEEPY,14.3,819.5410000000007
218.428804397583,SLEEPY,True,SLEEPY,25.0,819.7910000000007
218.5059108734131,SLEEPY,True,SLEEPY,28.2,820.0730000000008
218.55244374275208,SLEEPY,True,SLEEPY,14.3,820.2160000000008
218.61980843544006,SLEEPY,True,SLEEPY,17.9,820.3950000000008
218.69520044326782,SLEEPY,True,SLEEPY,15.4,820.5490000000008
218.74516701698303,SLEEPY,True,SLEEPY,30.8,820.8570000000008
218.81055998802185,SLEEPY,True,SLEEPY,15.6,821.0130000000007
218.86200046539307,SLEEPY,True,SLEEPY,29.2,821.3050000000007
218.92464113235474,SLEEPY,True,SLEEPY,54.3,821.8480000000008
218.99619555473328,SLEEPY,True,SLEEPY,34.1,822.1890000000008
219.0469217300415,SLEEPY,True,SLEEPY,12.5,822.3140000000008
219.1172046661377,SLEEPY,True,SLEEPY,20.5,822.5190000000008
219.17537331581116,SLEEPY,True,SLEEPY,26.9,822.7880000000008
219.22951197624207,SLEEPY,True,SLEEPY,25.0,823.0380000000008
219.2990357875824,SLEEPY,True,SLEEPY,6.2,823.1000000000008
219.3574743270874,SLEEPY,True,SLEEPY,12.5,823.2250000000008
219.42655038833618,SLEEPY,True,SLEEPY,16.2,823.3870000000009
219.49457049369812,SLEEPY,True,SLEEPY,30.6,823.6930000000009
219.54558897018433,SLEEPY,True,SLEEPY,37.5,824.0680000000009
219.60508489608765,SLEEPY,True,SLEEPY,9.4,824.162000000001
219.67238903045654,SLEEPY,True,SLEEPY,9.4,824.256000000001
219.73949575424194,SLEEPY,True,SLEEPY,17.1,824.427000000001
219.802631855011,SLEEPY,True,SLEEPY,2.9,824.456000000001
219.85485434532166,SLEEPY,True,SLEEPY,7.4,824.530000000001
219.92692875862122,SLEEPY,True,SLEEPY,17.6,824.706000000001
220.07284235954285,SLEEPY,True,SLEEPY,11.2,824.818000000001
220.12643122673035,SLEEPY,True,SLEEPY,29.2,825.110000000001
220.16741228103638,SLEEPY,True,SLEEPY,16.7,825.2770000000011
220.2331509590149,SLEEPY,True,SLEEPY,18.8,825.465000000001
220.29884147644043,SLEEPY,True,SLEEPY,6.2,825.5270000000011
220.36356377601624,SLEEPY,True,SLEEPY,6.1,825.5880000000011
220.41526126861572,SLEEPY,True,SLEEPY,3.2,825.6200000000011
220.4809856414795,SLEEPY,True,SLEEPY,9.4,825.7140000000012
220.54728055000305,SLEEPY,True,SLEEPY,20.6,825.9200000000012
220.61148190498352,SLEEPY,True,SLEEPY,21.2,826.1320000000012
220.67834901809692,SLEEPY,True,SLEEPY,8.1,826.2130000000012
220.7255208492279,SLEEPY,True,SLEEPY,3.7,826.2500000000013
220.79553294181824,SLEEPY,True,SLEEPY,9.4,826.3440000000013
220.86661648750305,SLEEPY,True,SLEEPY,13.2,826.4760000000012
220.9286117553711,SLEEPY,True,SLEEPY,22.9,826.7050000000013
220.98964428901672,SLEEPY,True,SLEEPY,18.2,826.8870000000013
221.12874555587769,SLEEPY,True,SLEEPY,3.0,826.9170000000013
